{
  "weights": [
    -1.1257758568574088,
    -6.25091846827004,
    26.80651979756913,
    2.2601127054700463,
    31.888077921757016,
    -1.3579511879272301,
    -7.639624335470048,
    -4.108662731952697,
    -53.63645788335342,
    -52.96636407521396,
    17.03880777403131,
    6.426349932272681,
    16.952728544990386,
    19.41782151396674,
    13.21637379042531,
    8.284625738367254,
    0.0,
    7.585931712193801,
    0.0,
    -0.7089398493672914,
    2.13952297493263
  ],
  "features": [
    "bias",
    "len_log",
    "dens_norm",
    "cctv_per_km",
    "light_per_km",
    "police_per_km",
    "light_norm",
    "police_norm",
    "hw_primary",
    "hw_secondary",
    "hw_tertiary",
    "hw_unclassified",
    "hw_residential",
    "hw_service",
    "hw_footway",
    "hw_path",
    "hw_cycleway",
    "hw_steps",
    "hw_track",
    "hw_living_street",
    "hw_pedestrian"
  ],
  "meta": {
    "epochs": 12,
    "alpha": 6.0,
    "total_pairs": 170
  }
}